{
  "weights": [
    29.912640911497096,
    -6.629515658481608,
    32.84058142563372,
    6.708431702195296
  ],
  "bias": -40.097145963496736
}